title,description,organizer,deadline,opportunityType,stage,regions,mode,fields,funding,fee,requirements,benefits,programStartDate,programEndDate,fundingAmount,applicationLink,isFeatured
Breakthrough Junior Challenge,,Não informado,,Fellowship,Multi-stage,"[""Global""]",Online,"[""Technology""]",Not certain,No-fee,,,,,,,false
ELAP,,Não informado,,Fellowship,Multi-stage,"[""Global""]",Online,"[""Technology""]",Not certain,No-fee,,,,,,,false
Kauffman Fellow,,Não informado,,Fellowship,Multi-stage,"[""Global""]",Online,"[""Technology""]",Not certain,No-fee,,,,,,,false
Blue Ridge Labs - Founder Fellowshp,,Não informado,,Fellowship,Multi-stage,"[""Global""]",Online,"[""Technology""]",Not certain,No-fee,,,,,,,false
Entrepreneur First,,Não informado,,Fellowship,Multi-stage,"[""Global""]",Online,"[""Technology""]",Not certain,No-fee,,,,,,,false
Prospect Fellowship - Yale,,Não informado,,Fellowship,Multi-stage,"[""Global""]",Online,"[""Technology""]",Not certain,No-fee,,,,,,,false
Landing,,Não informado,,Fellowship,Multi-stage,"[""Global""]",Online,"[""Technology""]",Not certain,No-fee,,,,,,,false
F/ai (focado em IA),,Não informado,,Fellowship,Multi-stage,"[""Global""]",Online,"[""Technology""]",Not certain,No-fee,,,,,,,false
Fighters (inclusão e diversidade),,Não informado,,Fellowship,Multi-stage,"[""Global""]",Online,"[""Technology""]",Not certain,No-fee,,,,,,,false
Founders Program (principal e mais seletivo),,Não informado,,Fellowship,Multi-stage,"[""Global""]",Online,"[""Technology""]",Not certain,No-fee,,,,,,,false
Care Forward (Doctolib + AP-HP + Roche),,Não informado,,Fellowship,Multi-stage,"[""Global""]",Online,"[""Technology""]",Not certain,No-fee,,,,,,,false
Station F:,,Não informado,,Fellowship,Multi-stage,"[""Global""]",Online,"[""Technology""]",Not certain,No-fee,,,,,,,false
Microsoft Program,,Não informado,,Fellowship,Multi-stage,"[""Global""]",Online,"[""Technology""]",Not certain,No-fee,,,,,,,false
Meta Program,,Não informado,,Fellowship,Multi-stage,"[""Global""]",Online,"[""Technology""]",Not certain,No-fee,,,,,,,false
Google Program,,Não informado,,Fellowship,Multi-stage,"[""Global""]",Online,"[""Technology""]",Not certain,No-fee,,,,,,,false
AWS Program,,Não informado,,Fellowship,Multi-stage,"[""Global""]",Online,"[""Technology""]",Not certain,No-fee,,,,,,,false
Binance Program,,Não informado,,Fellowship,Multi-stage,"[""Global""]",Online,"[""Technology""]",Not certain,No-fee,,,,,,,false
LVMH Accelerator,,Não informado,,Fellowship,Multi-stage,"[""Global""]",Online,"[""Technology""]",Not certain,No-fee,,,,,,,false
L’Oréal Beauty Accelerator,,Não informado,,Fellowship,Multi-stage,"[""Global""]",Online,"[""Technology""]",Not certain,No-fee,,,,,,,false
Thales Program,,Não informado,,Fellowship,Multi-stage,"[""Global""]",Online,"[""Technology""]",Not certain,No-fee,,,,,,,false
Apple-related initiatives,,Não informado,,Fellowship,Multi-stage,"[""Global""]",Online,"[""Technology""]",Not certain,No-fee,,,,,,,false
TikTok / Snowflake / Stripe ecosystem programs,,Não informado,,Fellowship,Multi-stage,"[""Global""]",Online,"[""Technology""]",Not certain,No-fee,,,,,,,false
MooveLab,,Não informado,,Fellowship,Multi-stage,"[""Global""]",Online,"[""Technology""]",Not certain,No-fee,,,,,,,false
The Lab Quantique,,Não informado,,Fellowship,Multi-stage,"[""Global""]",Online,"[""Technology""]",Not certain,No-fee,,,,,,,false
Numa,,Não informado,,Fellowship,Multi-stage,"[""Global""]",Online,"[""Technology""]",Not certain,No-fee,,,,,,,false
ShakeUp Factory,,Não informado,,Fellowship,Multi-stage,"[""Global""]",Online,"[""Technology""]",Not certain,No-fee,,,,,,,false
Impulse Lab,,Não informado,,Fellowship,Multi-stage,"[""Global""]",Online,"[""Technology""]",Not certain,No-fee,,,,,,,false
Usine IO,,Não informado,,Fellowship,Multi-stage,"[""Global""]",Online,"[""Technology""]",Not certain,No-fee,,,,,,,false
Pioneers,,Não informado,,Fellowship,Multi-stage,"[""Global""]",Online,"[""Technology""]",Not certain,No-fee,,,,,,,false
Aurora Tech Awards,,Não informado,,Fellowship,Multi-stage,"[""Global""]",Online,"[""Technology""]",Not certain,No-fee,,,,,,,false
Adeline - founders floor incubation,,Não informado,,Fellowship,Multi-stage,"[""Global""]",Online,"[""Technology""]",Not certain,No-fee,,,,,,,false
Volcano Summit,,Não informado,,Fellowship,Multi-stage,"[""Global""]",Online,"[""Technology""]",Not certain,No-fee,,,,,,,false
Berkeley Apply SKYDeck,,Não informado,,Fellowship,Multi-stage,"[""Global""]",Online,"[""Technology""]",Not certain,No-fee,,,,,,,false
Global Student Startup Competition @AsianLeadershipConference,,Não informado,,Fellowship,Multi-stage,"[""Global""]",Online,"[""Technology""]",Not certain,No-fee,,,,,,,false
"nternational Accelerator | Austin, TX | Startup Accel...",,Não informado,,Fellowship,Multi-stage,"[""Global""]",Online,"[""Technology""]",Not certain,No-fee,,,,,,,false
Acelera Pedra Branca - Inaitiec,,Não informado,,Fellowship,Multi-stage,"[""Global""]",Online,"[""Technology""]",Not certain,No-fee,,,,,,,false
Apply to YC | Y Combinator,,Não informado,,Fellowship,Multi-stage,"[""Global""]",Online,"[""Technology""]",Not certain,No-fee,,,,,,,false
"Antler no Brasil | Mais longe, mais rápido",,Não informado,,Fellowship,Multi-stage,"[""Global""]",Online,"[""Technology""]",Not certain,No-fee,,,,,,,false
Ganas Ventures,,Não informado,,Fellowship,Multi-stage,"[""Global""]",Online,"[""Technology""]",Not certain,No-fee,,,,,,,false
Desafio Brasileiro de IA - Desafio Brasileiro de IA,,Não informado,,Fellowship,Multi-stage,"[""Global""]",Online,"[""Technology""]",Not certain,No-fee,,,,,,,false
Home EWC - Entrepreneurship World Cup,,Não informado,,Fellowship,Multi-stage,"[""Global""]",Online,"[""Technology""]",Not certain,No-fee,,,,,,,false
Honors Fund by CEAS,,Não informado,,Fellowship,Multi-stage,"[""Global""]",Online,"[""Technology""]",Not certain,No-fee,,,,,,,false
Home - TiE Women,,Não informado,,Fellowship,Multi-stage,"[""Global""]",Online,"[""Technology""]",Not certain,No-fee,,,,,,,false
PearX - Pear VC,,Não informado,,Fellowship,Multi-stage,"[""Global""]",Online,"[""Technology""]",Not certain,No-fee,,,,,,,false
Fighters Program,,Não informado,,Fellowship,Multi-stage,"[""Global""]",Online,"[""Technology""]",Not certain,No-fee,,,,,,,false
Youth World Summit Paris 2026 - CIPS,,Não informado,,Fellowship,Multi-stage,"[""Global""]",Online,"[""Technology""]",Not certain,No-fee,,,,,,,false
baby vc,,Não informado,,Fellowship,Multi-stage,"[""Global""]",Online,"[""Technology""]",Not certain,No-fee,,,,,,,false
InCube by ETH Entrepreneur Club,,Não informado,,Fellowship,Multi-stage,"[""Global""]",Online,"[""Technology""]",Not certain,No-fee,,,,,,,false
a16z speedrun,,Não informado,,Fellowship,Multi-stage,"[""Global""]",Online,"[""Technology""]",Not certain,No-fee,,,,,,,false
2026 Google Data Center Community AI Fellowship,,Não informado,,Fellowship,Multi-stage,"[""Global""]",Online,"[""Technology""]",Not certain,No-fee,,,,,,,false
Techstars Accelerators,,Não informado,,Fellowship,Multi-stage,"[""Global""]",Online,"[""Technology""]",Not certain,No-fee,,,,,,,false
Application Deadlines and Requirements | Penn LPS,,Não informado,,Fellowship,Multi-stage,"[""Global""]",Online,"[""Technology""]",Not certain,No-fee,,,,,,,false
International Guest Student Program | Penn LPS,,Não informado,,Fellowship,Multi-stage,"[""Global""]",Online,"[""Technology""]",Not certain,No-fee,,,,,,,false
Visiting Undergraduate Students | Harvard,,Não informado,,Fellowship,Multi-stage,"[""Global""]",Online,"[""Technology""]",Not certain,No-fee,,,,,,,false
Visiting students | Study | Imperial College London,,Não informado,,Fellowship,Multi-stage,"[""Global""]",Online,"[""Technology""]",Not certain,No-fee,,,,,,,false
"Visiting Students - Future Students, University of Toronto",,Não informado,,Fellowship,Multi-stage,"[""Global""]",Online,"[""Technology""]",Not certain,No-fee,,,,,,,false
Berkeley Global Access Visiting Student Programs,,Não informado,,Fellowship,Multi-stage,"[""Global""]",Online,"[""Technology""]",Not certain,No-fee,,,,,,,false
"Processo Seletivo LAIOB - Ohio Winter, temporada...",,Não informado,,Fellowship,Multi-stage,"[""Global""]",Online,"[""Technology""]",Not certain,No-fee,,,,,,,false
Visiting students | University of Oxford,,Não informado,,Fellowship,Multi-stage,"[""Global""]",Online,"[""Technology""]",Not certain,No-fee,,,,,,,false
"Social Science Opportunities, by Funding Program",,Não informado,,Fellowship,Multi-stage,"[""Global""]",Online,"[""Technology""]",Not certain,No-fee,,,,,,,false
Nondegree Students - Woods College of Advancing Studies,,Não informado,,Fellowship,Multi-stage,"[""Global""]",Online,"[""Technology""]",Not certain,No-fee,,,,,,,false
Stanford Economic Review,,Não informado,,Fellowship,Multi-stage,"[""Global""]",Online,"[""Technology""]",Not certain,No-fee,,,,,,,false
Visiting scholars | University of Bristol Business School,,Não informado,,Fellowship,Multi-stage,"[""Global""]",Online,"[""Technology""]",Not certain,No-fee,,,,,,,false
Richard and Susan Hayden Academy Fellowship,,Não informado,,Fellowship,Multi-stage,"[""Global""]",Online,"[""Technology""]",Not certain,No-fee,,,,,,,false
Fellowships - Business History - Harvard Business School,,Não informado,,Fellowship,Multi-stage,"[""Global""]",Online,"[""Technology""]",Not certain,No-fee,,,,,,,false
Research in Industrial Projects for Students (RIPS),,Não informado,,Fellowship,Multi-stage,"[""Global""]",Online,"[""Technology""]",Not certain,No-fee,,,,,,,false
Russell Sage Foundation,,Não informado,,Fellowship,Multi-stage,"[""Global""]",Online,"[""Technology""]",Not certain,No-fee,,,,,,,false
MMUF - Mellon Mays Undergraduate Fellowship,,Não informado,,Fellowship,Multi-stage,"[""Global""]",Online,"[""Technology""]",Not certain,No-fee,,,,,,,false
Vilcek Foundation,,Não informado,,Fellowship,Multi-stage,"[""Global""]",Online,"[""Technology""]",Not certain,No-fee,,,,,,,false
Penguin Michael Joseph Undiscovered Writers' Prize,,Não informado,,Fellowship,Multi-stage,"[""Global""]",Online,"[""Technology""]",Not certain,No-fee,,,,,,,false
WriteNow - Penguin Books UK | Official Site,,Não informado,,Fellowship,Multi-stage,"[""Global""]",Online,"[""Technology""]",Not certain,No-fee,,,,,,,false
The Iowa Short Fiction Awards | The University of Iowa,,Não informado,,Fellowship,Multi-stage,"[""Global""]",Online,"[""Technology""]",Not certain,No-fee,,,,,,,false
Amy Lowell Scholarship for American Poets Traveling Abroad,,Não informado,,Fellowship,Multi-stage,"[""Global""]",Online,"[""Technology""]",Not certain,No-fee,,,,,,,false
The Donald L. Jordan Prize for Literary Excellence,,Não informado,,Fellowship,Multi-stage,"[""Global""]",Online,"[""Technology""]",Not certain,No-fee,,,,,,,false
Drinking Gourd Chapbook Prize Submission Guidelines,,Não informado,,Fellowship,Multi-stage,"[""Global""]",Online,"[""Technology""]",Not certain,No-fee,,,,,,,false
Wallace Stegner Fellowship | Creative Writing Program,,Não informado,,Fellowship,Multi-stage,"[""Global""]",Online,"[""Technology""]",Not certain,No-fee,,,,,,,false
Rubery Book Awards | Book Contest,,Não informado,,Fellowship,Multi-stage,"[""Global""]",Online,"[""Technology""]",Not certain,No-fee,,,,,,,false
Premiação em dinheiro – Seleções Literárias,,Não informado,,Fellowship,Multi-stage,"[""Global""]",Online,"[""Technology""]",Not certain,No-fee,,,,,,,false
Prêmio Literário INCM Almada Negreiros,,Não informado,,Fellowship,Multi-stage,"[""Global""]",Online,"[""Technology""]",Not certain,No-fee,,,,,,,false
The Neustadt Prizes - Neustadt Prizes,,Não informado,,Fellowship,Multi-stage,"[""Global""]",Online,"[""Technology""]",Not certain,No-fee,,,,,,,false
Calibre Essay Prize,,Não informado,,Fellowship,Multi-stage,"[""Global""]",Online,"[""Technology""]",Not certain,No-fee,,,,,,,false
Become a Radcliffe Fellow | Radcliffe Institute for Advanced Study,,Não informado,,Fellowship,Multi-stage,"[""Global""]",Online,"[""Technology""]",Not certain,No-fee,,,,,,,false
WebNovel Spirity Awards 2026 oficialmente lançado,,Não informado,,Fellowship,Multi-stage,"[""Global""]",Online,"[""Technology""]",Not certain,No-fee,,,,,,,false
BAFTA Rocliffe New Writing Competition,,Não informado,,Fellowship,Multi-stage,"[""Global""]",Online,"[""Technology""]",Not certain,No-fee,,,,,,,false
Home - The Nine Dots Prize,,Não informado,,Fellowship,Multi-stage,"[""Global""]",Online,"[""Technology""]",Not certain,No-fee,,,,,,,false
"2026 Prize Terms, Submission Guidelines & Eligibility",,Não informado,,Fellowship,Multi-stage,"[""Global""]",Online,"[""Technology""]",Not certain,No-fee,,,,,,,false
Martha's Vineyard Institute of Creative Writing,,Não informado,,Fellowship,Multi-stage,"[""Global""]",Online,"[""Technology""]",Not certain,No-fee,,,,,,,false
Centelha ( Multiples Estados do Brasil),,Não informado,,Fellowship,Multi-stage,"[""Global""]",Online,"[""Technology""]",Not certain,No-fee,,,,,,,false
eMerge Americas,,Não informado,,Fellowship,Multi-stage,"[""Global""]",Online,"[""Technology""]",Not certain,No-fee,,,,,,,false
Home | Startup World Cup,,Não informado,,Fellowship,Multi-stage,"[""Global""]",Online,"[""Technology""]",Not certain,No-fee,,,,,,,false
Global Startup Awards,,Não informado,,Fellowship,Multi-stage,"[""Global""]",Online,"[""Technology""]",Not certain,No-fee,,,,,,,false
START Summit | Be where innovation happens,,Não informado,,Fellowship,Multi-stage,"[""Global""]",Online,"[""Technology""]",Not certain,No-fee,,,,,,,false
START Summit | START Fair,,Não informado,,Fellowship,Multi-stage,"[""Global""]",Online,"[""Technology""]",Not certain,No-fee,,,,,,,false
Young Founders Program – Westerwelle Foundation,,Não informado,,Fellowship,Multi-stage,"[""Global""]",Online,"[""Technology""]",Not certain,No-fee,,,,,,,false
The Retail Readiness Training Program - Apply Today,,Não informado,,Fellowship,Multi-stage,"[""Global""]",Online,"[""Technology""]",Not certain,No-fee,,,,,,,false
2024 Climate Launch Prize – The Wilkes Center for Climate Science & Policy,,Não informado,,Fellowship,Multi-stage,"[""Global""]",Online,"[""Technology""]",Not certain,No-fee,,,,,,,false
Google for Startups Accelerator,,Não informado,,Fellowship,Multi-stage,"[""Global""]",Online,"[""Technology""]",Not certain,No-fee,,,,,,,false
The Audacious Project,,Não informado,,Fellowship,Multi-stage,"[""Global""]",Online,"[""Technology""]",Not certain,No-fee,,,,,,,false
HavasGroup HSA,,Não informado,,Fellowship,Multi-stage,"[""Global""]",Online,"[""Technology""]",Not certain,No-fee,,,,,,,false
Guest Pass - Climate Innovation Forum,,Não informado,,Fellowship,Multi-stage,"[""Global""]",Online,"[""Technology""]",Not certain,No-fee,,,,,,,false
"Startups | Web Summit | November 10-13, 2025",,Não informado,,Fellowship,Multi-stage,"[""Global""]",Online,"[""Technology""]",Not certain,No-fee,,,,,,,false
Canastra Ventures,,Não informado,,Fellowship,Multi-stage,"[""Global""]",Online,"[""Technology""]",Not certain,No-fee,,,,,,,false
Disrupt 2025 | TechCrunch,,Não informado,,Fellowship,Multi-stage,"[""Global""]",Online,"[""Technology""]",Not certain,No-fee,,,,,,,false
BRICS Women’s Startups Contest,,Não informado,,Fellowship,Multi-stage,"[""Global""]",Online,"[""Technology""]",Not certain,No-fee,,,,,,,false
Investment | NextSTEP,,Não informado,,Fellowship,Multi-stage,"[""Global""]",Online,"[""Technology""]",Not certain,No-fee,,,,,,,false
Decelera,,Não informado,,Fellowship,Multi-stage,"[""Global""]",Online,"[""Technology""]",Not certain,No-fee,,,,,,,false
XRPL Accelerator - XRPLGrants.org,,Não informado,,Fellowship,Multi-stage,"[""Global""]",Online,"[""Technology""]",Not certain,No-fee,,,,,,,false
VENTIUR Smart Capital | Investimento em Startups,,Não informado,,Fellowship,Multi-stage,"[""Global""]",Online,"[""Technology""]",Not certain,No-fee,,,,,,,false
Criatec,,Não informado,,Fellowship,Multi-stage,"[""Global""]",Online,"[""Technology""]",Not certain,No-fee,,,,,,,false
776 Foundation - Fellowship Program,,Não informado,,Fellowship,Multi-stage,"[""Global""]",Online,"[""Technology""]",Not certain,No-fee,,,,,,,false
1 Billion Followers Summit - The Largest Content Creators...,,Não informado,,Fellowship,Multi-stage,"[""Global""]",Online,"[""Technology""]",Not certain,No-fee,,,,,,,false
Accelerator | Seraphim Space Accelerator,,Não informado,,Fellowship,Multi-stage,"[""Global""]",Online,"[""Technology""]",Not certain,No-fee,,,,,,,false
K-STARTUP GRAND CHALLENGE 2025,,Não informado,,Fellowship,Multi-stage,"[""Global""]",Online,"[""Technology""]",Not certain,No-fee,,,,,,,false
Programs,,Não informado,,Fellowship,Multi-stage,"[""Global""]",Online,"[""Technology""]",Not certain,No-fee,,,,,,,false
The Activate Fellowship,,Não informado,,Fellowship,Multi-stage,"[""Global""]",Online,"[""Technology""]",Not certain,No-fee,,,,,,,false
Beta Fellowship – Largest community of innovators,,Não informado,,Fellowship,Multi-stage,"[""Global""]",Online,"[""Technology""]",Not certain,No-fee,,,,,,,false
Tools Competition,,Não informado,,Fellowship,Multi-stage,"[""Global""]",Online,"[""Technology""]",Not certain,No-fee,,,,,,,false
Gramado Summit 2026 | Seja um Expositor,,Não informado,,Fellowship,Multi-stage,"[""Global""]",Online,"[""Technology""]",Not certain,No-fee,,,,,,,false
Women@Dior | Mentoring & Education program,,Não informado,,Fellowship,Multi-stage,"[""Global""]",Online,"[""Technology""]",Not certain,No-fee,,,,,,,false
Demo Area — STARTUP Day - Most Startup-Minded...,,Não informado,,Fellowship,Multi-stage,"[""Global""]",Online,"[""Technology""]",Not certain,No-fee,,,,,,,false
Freshmango Acceleration Program – 6-month equity...,,Não informado,,Fellowship,Multi-stage,"[""Global""]",Online,"[""Technology""]",Not certain,No-fee,,,,,,,false
Competitions | SXSW EDU Conference & Festival,,Não informado,,Fellowship,Multi-stage,"[""Global""]",Online,"[""Technology""]",Not certain,No-fee,,,,,,,false
Yenching Global Symposium,,Não informado,,Fellowship,Multi-stage,"[""Global""]",Online,"[""Technology""]",Not certain,No-fee,,,,,,,false
Awards at VivaTech,,Não informado,,Fellowship,Multi-stage,"[""Global""]",Online,"[""Technology""]",Not certain,No-fee,,,,,,,false
O'Shaughnessy Fellowships & Grants,,Não informado,,Fellowship,Multi-stage,"[""Global""]",Online,"[""Technology""]",Not certain,No-fee,,,,,,,false
Contact | Precursor Ventures,,Não informado,,Fellowship,Multi-stage,"[""Global""]",Online,"[""Technology""]",Not certain,No-fee,,,,,,,false
Solo Founders Program,,Não informado,,Fellowship,Multi-stage,"[""Global""]",Online,"[""Technology""]",Not certain,No-fee,,,,,,,false
The Pitch by Deel,,Não informado,,Fellowship,Multi-stage,"[""Global""]",Online,"[""Technology""]",Not certain,No-fee,,,,,,,false
HF0 Residency,,Não informado,,Fellowship,Multi-stage,"[""Global""]",Online,"[""Technology""]",Not certain,No-fee,,,,,,,false
Red Bull Basement 2026,,Não informado,,Fellowship,Multi-stage,"[""Global""]",Online,"[""Technology""]",Not certain,No-fee,,,,,,,false
black ambition prize,,Não informado,,Fellowship,Multi-stage,"[""Global""]",Online,"[""Technology""]",Not certain,No-fee,,,,,,,false
Mestrado na Espanha para brasileiros com bolsas da AUIP,,Não informado,,Fellowship,Multi-stage,"[""Global""]",Online,"[""Technology""]",Not certain,No-fee,,,,,,,false
Bolsa para mestrado em desenvolvimento sustentável na Alemanha,,Não informado,,Fellowship,Multi-stage,"[""Global""]",Online,"[""Technology""]",Not certain,No-fee,,,,,,,false
Curso sobre China e América Latina da FLACSO com bolsa integral,,Não informado,,Fellowship,Multi-stage,"[""Global""]",Online,"[""Technology""]",Not certain,No-fee,,,,,,,false
Universidade de Melbourne – bolsas para pós-graduação na Austrália,,Não informado,,Fellowship,Multi-stage,"[""Global""]",Online,"[""Technology""]",Not certain,No-fee,,,,,,,false
Bolsas para doutorado na Universidade de Pádua,,Não informado,,Fellowship,Multi-stage,"[""Global""]",Online,"[""Technology""]",Not certain,No-fee,,,,,,,false
Women in Energy Fellowship,,Não informado,,Fellowship,Multi-stage,"[""Global""]",Online,"[""Technology""]",Not certain,No-fee,,,,,,,false
Fundação Botín – residência artística,,Não informado,,Fellowship,Multi-stage,"[""Global""]",Online,"[""Technology""]",Not certain,No-fee,,,,,,,false
Bolsas para estudar na Universidade de Cambridge,,Não informado,,Fellowship,Multi-stage,"[""Global""]",Online,"[""Technology""]",Not certain,No-fee,,,,,,,false
Bolsa de mestrado no Trinity College Dublin,,Não informado,,Fellowship,Multi-stage,"[""Global""]",Online,"[""Technology""]",Not certain,No-fee,,,,,,,false
Trainee Internacional da OMC (WTO YPP),,Não informado,,Fellowship,Multi-stage,"[""Global""]",Online,"[""Technology""]",Not certain,No-fee,,,,,,,false
Instituto Ling – bolsas para pós-graduação em planejamento urbano,,Não informado,,Fellowship,Multi-stage,"[""Global""]",Online,"[""Technology""]",Not certain,No-fee,,,,,,,false
Bolsa TerrEE,,Não informado,,Fellowship,Multi-stage,"[""Global""]",Online,"[""Technology""]",Not certain,No-fee,,,,,,,false
Coimbra Group Scholarships,,Não informado,,Fellowship,Multi-stage,"[""Global""]",Online,"[""Technology""]",Not certain,No-fee,,,,,,,false
Invest Your Talent in Italy,,Não informado,,Fellowship,Multi-stage,"[""Global""]",Online,"[""Technology""]",Not certain,No-fee,,,,,,,false
Intercâmbio para Estônia: bolsas de curso de verão,,Não informado,,Fellowship,Multi-stage,"[""Global""]",Online,"[""Technology""]",Not certain,No-fee,,,,,,,false
Schwarzman Scholars,,Não informado,,Fellowship,Multi-stage,"[""Global""]",Online,"[""Technology""]",Not certain,No-fee,,,,,,,false
Mestrado na Espanha com bolsas da AUIP,,Não informado,,Fellowship,Multi-stage,"[""Global""]",Online,"[""Technology""]",Not certain,No-fee,,,,,,,false
Curso sobre China e América Latina da FLACSO,,Não informado,,Fellowship,Multi-stage,"[""Global""]",Online,"[""Technology""]",Not certain,No-fee,,,,,,,false
Universidade de Melbourne Graduate Research Scholarships,,Não informado,,Fellowship,Multi-stage,"[""Global""]",Online,"[""Technology""]",Not certain,No-fee,,,,,,,false
Fundação Botín Residência Artística,,Não informado,,Fellowship,Multi-stage,"[""Global""]",Online,"[""Technology""]",Not certain,No-fee,,,,,,,false
Bolsas para Universidade de Cambridge,,Não informado,,Fellowship,Multi-stage,"[""Global""]",Online,"[""Technology""]",Not certain,No-fee,,,,,,,false
"Trainee Internacional da OMC, WTO YPP",,Não informado,,Fellowship,Multi-stage,"[""Global""]",Online,"[""Technology""]",Not certain,No-fee,,,,,,,false
"Instituto Ling, pós-graduação em planejamento urbano",,Não informado,,Fellowship,Multi-stage,"[""Global""]",Online,"[""Technology""]",Not certain,No-fee,,,,,,,false
"Universidade Politécnica de Valência, bolsas de graduação",,Não informado,,Fellowship,Multi-stage,"[""Global""]",Online,"[""Technology""]",Not certain,No-fee,,,,,,,false
UCL Undergraduate Scholarship,,Não informado,,Fellowship,Multi-stage,"[""Global""]",Online,"[""Technology""]",Not certain,No-fee,,,,,,,false
"Universidade de León, bolsas de graduação",,Não informado,,Fellowship,Multi-stage,"[""Global""]",Online,"[""Technology""]",Not certain,No-fee,,,,,,,false
Fundação que cobre custo de vida nos EUA,,Não informado,,Fellowship,Multi-stage,"[""Global""]",Online,"[""Technology""]",Not certain,No-fee,,,,,,,false
Universidade de Auckland Scholarships,,Não informado,,Fellowship,Multi-stage,"[""Global""]",Online,"[""Technology""]",Not certain,No-fee,,,,,,,false
Bolsas para graduação na Austrália,,Não informado,,Fellowship,Multi-stage,"[""Global""]",Online,"[""Technology""]",Not certain,No-fee,,,,,,,false
Bolsas do Governo da Romênia,,Não informado,,Fellowship,Multi-stage,"[""Global""]",Online,"[""Technology""]",Not certain,No-fee,,,,,,,false
Bolsas da Universidade de Illinois,,Não informado,,Fellowship,Multi-stage,"[""Global""]",Online,"[""Technology""]",Not certain,No-fee,,,,,,,false
Universidade de Jaén Scholarship,,Não informado,,Fellowship,Multi-stage,"[""Global""]",Online,"[""Technology""]",Not certain,No-fee,,,,,,,false
Türkiye Scholarships,,Não informado,,Fellowship,Multi-stage,"[""Global""]",Online,"[""Technology""]",Not certain,No-fee,,,,,,,false
Universidade de Saskatchewan Scholarships,,Não informado,,Fellowship,Multi-stage,"[""Global""]",Online,"[""Technology""]",Not certain,No-fee,,,,,,,false
Politécnico de Leiria Scholarship,,Não informado,,Fellowship,Multi-stage,"[""Global""]",Online,"[""Technology""]",Not certain,No-fee,,,,,,,false
Bolsa para mestrado em medicina e saúde internacional na Alemanha,,Não informado,,Fellowship,Multi-stage,"[""Global""]",Online,"[""Technology""]",Not certain,No-fee,,,,,,,false
Bolsa para mestrado em engenharia na Alemanha,,Não informado,,Fellowship,Multi-stage,"[""Global""]",Online,"[""Technology""]",Not certain,No-fee,,,,,,,false
Monash University Graduate Scholarships,,Não informado,,Fellowship,Multi-stage,"[""Global""]",Online,"[""Technology""]",Not certain,No-fee,,,,,,,false
DAAD Urbanism Scholarships,,Não informado,,Fellowship,Multi-stage,"[""Global""]",Online,"[""Technology""]",Not certain,No-fee,,,,,,,false
Bolsa para mestrado em economia e ciência do café na Itália,,Não informado,,Fellowship,Multi-stage,"[""Global""]",Online,"[""Technology""]",Not certain,No-fee,,,,,,,false
ITI Scholarship em Odontologia,,Não informado,,Fellowship,Multi-stage,"[""Global""]",Online,"[""Technology""]",Not certain,No-fee,,,,,,,false
Bolsas ICETEX Colômbia,,Não informado,,Fellowship,Multi-stage,"[""Global""]",Online,"[""Technology""]",Not certain,No-fee,,,,,,,false
DAAD EPOS,,Não informado,,Fellowship,Multi-stage,"[""Global""]",Online,"[""Technology""]",Not certain,No-fee,,,,,,,false
Bolsa de mestrado sanduíche na França,,Não informado,,Fellowship,Multi-stage,"[""Global""]",Online,"[""Technology""]",Not certain,No-fee,,,,,,,false
IMT School for Advanced Studies Lucca PhD Scholarships,,Não informado,,Fellowship,Multi-stage,"[""Global""]",Online,"[""Technology""]",Not certain,No-fee,,,,,,,false
Programa Nacional de Bolsas da Eslováquia,,Não informado,,Fellowship,Multi-stage,"[""Global""]",Online,"[""Technology""]",Not certain,No-fee,,,,,,,false
Bayer International Fellowship Program,,Não informado,,Fellowship,Multi-stage,"[""Global""]",Online,"[""Technology""]",Not certain,No-fee,,,,,,,false
Fundação Carolina PhD Scholarships,,Não informado,,Fellowship,Multi-stage,"[""Global""]",Online,"[""Technology""]",Not certain,No-fee,,,,,,,false
"Global Korea Scholarship, AKS",,Não informado,,Fellowship,Multi-stage,"[""Global""]",Online,"[""Technology""]",Not certain,No-fee,,,,,,,false
SIIT Graduate Scholarships,,Não informado,,Fellowship,Multi-stage,"[""Global""]",Online,"[""Technology""]",Not certain,No-fee,,,,,,,false
Origini Italia,,Não informado,,Fellowship,Multi-stage,"[""Global""]",Online,"[""Technology""]",Not certain,No-fee,,,,,,,false
"Fundação Botín, curso de políticas públicas",,Não informado,,Fellowship,Multi-stage,"[""Global""]",Online,"[""Technology""]",Not certain,No-fee,,,,,,,false
BRICS Summer School China,,Não informado,,Fellowship,Multi-stage,"[""Global""]",Online,"[""Technology""]",Not certain,No-fee,,,,,,,false
Santander + Fundação Carolina Leadership Program,,Não informado,,Fellowship,Multi-stage,"[""Global""]",Online,"[""Technology""]",Not certain,No-fee,,,,,,,false
Pontes para o Mundo 2026,,Não informado,,Fellowship,Multi-stage,"[""Global""]",Online,"[""Technology""]",Not certain,No-fee,,,,,,,false
SABF 2026,,Não informado,,Fellowship,Multi-stage,"[""Global""]",Online,"[""Technology""]",Not certain,No-fee,,,,,,,false
VU Amsterdam Summer School Scholarship,,Não informado,,Fellowship,Multi-stage,"[""Global""]",Online,"[""Technology""]",Not certain,No-fee,,,,,,,false
United Nations International Law Fellowship Programme,,Não informado,,Fellowship,Multi-stage,"[""Global""]",Online,"[""Technology""]",Not certain,No-fee,,,,,,,false
British Council + Santander English Online Scholarships,,Não informado,,Fellowship,Multi-stage,"[""Global""]",Online,"[""Technology""]",Not certain,No-fee,,,,,,,false
European Forum Alpbach Scholarship,,Não informado,,Fellowship,Multi-stage,"[""Global""]",Online,"[""Technology""]",Not certain,No-fee,,,,,,,false
Australia Awards Scholarships,,Não informado,,Fellowship,Multi-stage,"[""Global""]",Online,"[""Technology""]",Not certain,No-fee,,,,,,,false
Fulbright Foreign Student Program,,Não informado,,Fellowship,Multi-stage,"[""Global""]",Online,"[""Technology""]",Not certain,No-fee,,,,,,,false
Government of Ireland International Education Scholarship,,Não informado,,Fellowship,Multi-stage,"[""Global""]",Online,"[""Technology""]",Not certain,No-fee,,,,,,,false
University of Leicester International Undergraduate Tuition Fee Waiver,,Não informado,,Fellowship,Multi-stage,"[""Global""]",Online,"[""Technology""]",Not certain,No-fee,,,,,,,false
Imperial College London Sanctuary Scholarship,,Não informado,,Fellowship,Multi-stage,"[""Global""]",Online,"[""Technology""]",Not certain,No-fee,,,,,,,false
PTDF Overseas Postgraduate Scholarship,,Não informado,,Fellowship,Multi-stage,"[""Global""]",Online,"[""Technology""]",Not certain,No-fee,,,,,,,false
University of Manchester Humanitarian Scholarship,,Não informado,,Fellowship,Multi-stage,"[""Global""]",Online,"[""Technology""]",Not certain,No-fee,,,,,,,false
Joint Japan/World Bank Graduate Scholarship Program,,Não informado,,Fellowship,Multi-stage,"[""Global""]",Online,"[""Technology""]",Not certain,No-fee,,,,,,,false
"Think Big Scholarships, University of Bristol",,Não informado,,Fellowship,Multi-stage,"[""Global""]",Online,"[""Technology""]",Not certain,No-fee,,,,,,,false
Fulbright Foreign Program for Nigerian Students,,Não informado,,Fellowship,Multi-stage,"[""Global""]",Online,"[""Technology""]",Not certain,No-fee,,,,,,,false
Imperial College London Jack Hirst Scholarship,,Não informado,,Fellowship,Multi-stage,"[""Global""]",Online,"[""Technology""]",Not certain,No-fee,,,,,,,false
Birmingham City University Henderson Bursaries and Scholarships,,Não informado,,Fellowship,Multi-stage,"[""Global""]",Online,"[""Technology""]",Not certain,No-fee,,,,,,,false
University of Bradford Bestway Foundation Scholarships,,Não informado,,Fellowship,Multi-stage,"[""Global""]",Online,"[""Technology""]",Not certain,No-fee,,,,,,,false
Government of Mauritius Undergraduate Scholarship,,Não informado,,Fellowship,Multi-stage,"[""Global""]",Online,"[""Technology""]",Not certain,No-fee,,,,,,,false
Wells Mountain Initiative Scholarship,,Não informado,,Fellowship,Multi-stage,"[""Global""]",Online,"[""Technology""]",Not certain,No-fee,,,,,,,false
DAAD Scholarship,,Não informado,,Fellowship,Multi-stage,"[""Global""]",Online,"[""Technology""]",Not certain,No-fee,,,,,,,false
Mastercard Foundation Scholars Program,,Não informado,,Fellowship,Multi-stage,"[""Global""]",Online,"[""Technology""]",Not certain,No-fee,,,,,,,false
Chevening Scholarships,,Não informado,,Fellowship,Multi-stage,"[""Global""]",Online,"[""Technology""]",Not certain,No-fee,,,,,,,false
Gates Cambridge Scholarship,,Não informado,,Fellowship,Multi-stage,"[""Global""]",Online,"[""Technology""]",Not certain,No-fee,,,,,,,false
Rhodes Scholarship,,Não informado,,Fellowship,Multi-stage,"[""Global""]",Online,"[""Technology""]",Not certain,No-fee,,,,,,,false
Erasmus Mundus Joint Masters Scholarship,,Não informado,,Fellowship,Multi-stage,"[""Global""]",Online,"[""Technology""]",Not certain,No-fee,,,,,,,false
MEXT Japanese Government Scholarship,,Não informado,,Fellowship,Multi-stage,"[""Global""]",Online,"[""Technology""]",Not certain,No-fee,,,,,,,false
Vanier Canada Graduate Scholarships,,Não informado,,Fellowship,Multi-stage,"[""Global""]",Online,"[""Technology""]",Not certain,No-fee,,,,,,,false
Knight-Hennessy Scholars,,Não informado,,Fellowship,Multi-stage,"[""Global""]",Online,"[""Technology""]",Not certain,No-fee,,,,,,,false
Clarendon Fund Scholarships,,Não informado,,Fellowship,Multi-stage,"[""Global""]",Online,"[""Technology""]",Not certain,No-fee,,,,,,,false
Swedish Institute Scholarships for Global Professionals,,Não informado,,Fellowship,Multi-stage,"[""Global""]",Online,"[""Technology""]",Not certain,No-fee,,,,,,,false
Eiffel Excellence Scholarship Program,,Não informado,,Fellowship,Multi-stage,"[""Global""]",Online,"[""Technology""]",Not certain,No-fee,,,,,,,false
New Zealand Manaaki Scholarships,,Não informado,,Fellowship,Multi-stage,"[""Global""]",Online,"[""Technology""]",Not certain,No-fee,,,,,,,false
ADB-Japan Scholarship Program,,Não informado,,Fellowship,Multi-stage,"[""Global""]",Online,"[""Technology""]",Not certain,No-fee,,,,,,,false
Orange Knowledge Programme,,Não informado,,Fellowship,Multi-stage,"[""Global""]",Online,"[""Technology""]",Not certain,No-fee,,,,,,,false
Aga Khan Foundation International Scholarship,,Não informado,,Fellowship,Multi-stage,"[""Global""]",Online,"[""Technology""]",Not certain,No-fee,,,,,,,false
Rotary Peace Fellowship,,Não informado,,Fellowship,Multi-stage,"[""Global""]",Online,"[""Technology""]",Not certain,No-fee,,,,,,,false
Commonwealth Master’s Scholarships,,Não informado,,Fellowship,Multi-stage,"[""Global""]",Online,"[""Technology""]",Not certain,No-fee,,,,,,,false
Commonwealth PhD Scholarships,,Não informado,,Fellowship,Multi-stage,"[""Global""]",Online,"[""Technology""]",Not certain,No-fee,,,,,,,false
Heinrich Böll Foundation Scholarships,,Não informado,,Fellowship,Multi-stage,"[""Global""]",Online,"[""Technology""]",Not certain,No-fee,,,,,,,false
Friedrich Ebert Stiftung Scholarships,,Não informado,,Fellowship,Multi-stage,"[""Global""]",Online,"[""Technology""]",Not certain,No-fee,,,,,,,false
Konrad Adenauer Stiftung Scholarships,,Não informado,,Fellowship,Multi-stage,"[""Global""]",Online,"[""Technology""]",Not certain,No-fee,,,,,,,false
Holland Scholarship,,Não informado,,Fellowship,Multi-stage,"[""Global""]",Online,"[""Technology""]",Not certain,No-fee,,,,,,,false
Maastricht University NL-High Potential Scholarship,,Não informado,,Fellowship,Multi-stage,"[""Global""]",Online,"[""Technology""]",Not certain,No-fee,,,,,,,false
ETH Excellence Scholarship & Opportunity Programme,,Não informado,,Fellowship,Multi-stage,"[""Global""]",Online,"[""Technology""]",Not certain,No-fee,,,,,,,false
EPFL Excellence Fellowships,,Não informado,,Fellowship,Multi-stage,"[""Global""]",Online,"[""Technology""]",Not certain,No-fee,,,,,,,false
Sciences Po Émile Boutmy Scholarship,,Não informado,,Fellowship,Multi-stage,"[""Global""]",Online,"[""Technology""]",Not certain,No-fee,,,,,,,false
Bocconi Merit Awards,,Não informado,,Fellowship,Multi-stage,"[""Global""]",Online,"[""Technology""]",Not certain,No-fee,,,,,,,false
Politecnico di Milano Merit-Based Scholarships,,Não informado,,Fellowship,Multi-stage,"[""Global""]",Online,"[""Technology""]",Not certain,No-fee,,,,,,,false
University of Bologna Study Grants,,Não informado,,Fellowship,Multi-stage,"[""Global""]",Online,"[""Technology""]",Not certain,No-fee,,,,,,,false
Danish Government Scholarships,,Não informado,,Fellowship,Multi-stage,"[""Global""]",Online,"[""Technology""]",Not certain,No-fee,,,,,,,false
Finland Government Scholarships,,Não informado,,Fellowship,Multi-stage,"[""Global""]",Online,"[""Technology""]",Not certain,No-fee,,,,,,,false
Chinese Government Scholarship,,Não informado,,Fellowship,Multi-stage,"[""Global""]",Online,"[""Technology""]",Not certain,No-fee,,,,,,,false
Stipendium Hungaricum,,Não informado,,Fellowship,Multi-stage,"[""Global""]",Online,"[""Technology""]",Not certain,No-fee,,,,,,,false
Czech Government Scholarships for Developing Countries,,Não informado,,Fellowship,Multi-stage,"[""Global""]",Online,"[""Technology""]",Not certain,No-fee,,,,,,,false
IsDB Scholarship Program,,Não informado,,Fellowship,Multi-stage,"[""Global""]",Online,"[""Technology""]",Not certain,No-fee,,,,,,,false
UNICAF Scholarships,,Não informado,,Fellowship,Multi-stage,"[""Global""]",Online,"[""Technology""]",Not certain,No-fee,,,,,,,false
Brandeis University Wien International Scholarship,,Não informado,,Fellowship,Multi-stage,"[""Global""]",Online,"[""Technology""]",Not certain,No-fee,,,,,,,false
Clark University Global Scholars Program,,Não informado,,Fellowship,Multi-stage,"[""Global""]",Online,"[""Technology""]",Not certain,No-fee,,,,,,,false
Emory University Need-Based Scholarship,,Não informado,,Fellowship,Multi-stage,"[""Global""]",Online,"[""Technology""]",Not certain,No-fee,,,,,,,false
Harvard University Scholarships,,Não informado,,Fellowship,Multi-stage,"[""Global""]",Online,"[""Technology""]",Not certain,No-fee,,,,,,,false
Illinois State University International Awards,,Não informado,,Fellowship,Multi-stage,"[""Global""]",Online,"[""Technology""]",Not certain,No-fee,,,,,,,false
WorldStrides Diversity Scholarship,,Não informado,,Fellowship,Multi-stage,"[""Global""]",Online,"[""Technology""]",Not certain,No-fee,,,,,,,false
CIS Abroad Scholarships and Financial Aid,,Não informado,,Fellowship,Multi-stage,"[""Global""]",Online,"[""Technology""]",Not certain,No-fee,,,,,,,false
Jackie Robinson Foundation Scholarship,,Não informado,,Fellowship,Multi-stage,"[""Global""]",Online,"[""Technology""]",Not certain,No-fee,,,,,,,false
ASSE International Student Exchange Scholarship,,Não informado,,Fellowship,Multi-stage,"[""Global""]",Online,"[""Technology""]",Not certain,No-fee,,,,,,,false
Semester at Sea Inclusive Engagement Scholarship,,Não informado,,Fellowship,Multi-stage,"[""Global""]",Online,"[""Technology""]",Not certain,No-fee,,,,,,,false
GLA IDEA Scholarship,,Não informado,,Fellowship,Multi-stage,"[""Global""]",Online,"[""Technology""]",Not certain,No-fee,,,,,,,false
GLO Digital Ambassador Scholarship,,Não informado,,Fellowship,Multi-stage,"[""Global""]",Online,"[""Technology""]",Not certain,No-fee,,,,,,,false
GLO Founder’s Scholarship,,Não informado,,Fellowship,Multi-stage,"[""Global""]",Online,"[""Technology""]",Not certain,No-fee,,,,,,,false
Barcelona SAE Scholarships & Grants,,Não informado,,Fellowship,Multi-stage,"[""Global""]",Online,"[""Technology""]",Not certain,No-fee,,,,,,,false
TEAN Global Opportunity Full-Ride Scholarship,,Não informado,,Fellowship,Multi-stage,"[""Global""]",Online,"[""Technology""]",Not certain,No-fee,,,,,,,false
USAC Scholarships and Financial Aid,,Não informado,,Fellowship,Multi-stage,"[""Global""]",Online,"[""Technology""]",Not certain,No-fee,,,,,,,false
"GlobalScholarships.com $3,000 Scholarship",,Não informado,,Fellowship,Multi-stage,"[""Global""]",Online,"[""Technology""]",Not certain,No-fee,,,,,,,false
Child Family Health International Awards,,Não informado,,Fellowship,Multi-stage,"[""Global""]",Online,"[""Technology""]",Not certain,No-fee,,,,,,,false
Global Ambassadors Scholarship,,Não informado,,Fellowship,Multi-stage,"[""Global""]",Online,"[""Technology""]",Not certain,No-fee,,,,,,,false
Benjamin A. Gilman International Scholarship,,Não informado,,Fellowship,Multi-stage,"[""Global""]",Online,"[""Technology""]",Not certain,No-fee,,,,,,,false
Boren Language Scholarship,,Não informado,,Fellowship,Multi-stage,"[""Global""]",Online,"[""Technology""]",Not certain,No-fee,,,,,,,false
Tortuga Study Abroad Scholarship,,Não informado,,Fellowship,Multi-stage,"[""Global""]",Online,"[""Technology""]",Not certain,No-fee,,,,,,,false
MPOWER Global Citizen Scholarship,,Não informado,,Fellowship,Multi-stage,"[""Global""]",Online,"[""Technology""]",Not certain,No-fee,,,,,,,false
Fullbright - Aperfeiçoamento para professores de inglês - PDPI,,Não informado,,Fellowship,Multi-stage,"[""Global""]",Online,"[""Technology""]",Not certain,No-fee,,,,,,,false
Adelaide Global Academic Excellence Scholarships,,Não informado,,Fellowship,Multi-stage,"[""Global""]",Online,"[""Technology""]",Not certain,No-fee,,,,,,,false
ASBS Global Impact Scholarship,,Não informado,,Fellowship,Multi-stage,"[""Global""]",Online,"[""Technology""]",Not certain,No-fee,,,,,,,false
University of New South Wales International Scholarships,,Não informado,,Fellowship,Multi-stage,"[""Global""]",Online,"[""Technology""]",Not certain,No-fee,,,,,,,false
Glenmore Medical Postgraduate Scholarship (University of Edinburgh),,Não informado,,Fellowship,Multi-stage,"[""Global""]",Online,"[""Technology""]",Not certain,No-fee,,,,,,,false
IOE Centenary Doctoral Scholarships,,Não informado,,Fellowship,Multi-stage,"[""Global""]",Online,"[""Technology""]",Not certain,No-fee,,,,,,,false
IOE Centenary Masters Scholarships,,Não informado,,Fellowship,Multi-stage,"[""Global""]",Online,"[""Technology""]",Not certain,No-fee,,,,,,,false
University of Sussex Chancellor’s International Scholarships,,Não informado,,Fellowship,Multi-stage,"[""Global""]",Online,"[""Technology""]",Not certain,No-fee,,,,,,,false
Glasgow International Leadership Scholarships,,Não informado,,Fellowship,Multi-stage,"[""Global""]",Online,"[""Technology""]",Not certain,No-fee,,,,,,,false
UAL/ISH International Postgraduate Scholarships,,Não informado,,Fellowship,Multi-stage,"[""Global""]",Online,"[""Technology""]",Not certain,No-fee,,,,,,,false
Warwick Undergraduate Global Excellence Scholarship,,Não informado,,Fellowship,Multi-stage,"[""Global""]",Online,"[""Technology""]",Not certain,No-fee,,,,,,,false
ICSP Scholarships (University of Oregon),,Não informado,,Fellowship,Multi-stage,"[""Global""]",Online,"[""Technology""]",Not certain,No-fee,,,,,,,false
American University Emerging Global Leader Scholarship,,Não informado,,Fellowship,Multi-stage,"[""Global""]",Online,"[""Technology""]",Not certain,No-fee,,,,,,,false
AAUW International Fellowships,,Não informado,,Fellowship,Multi-stage,"[""Global""]",Online,"[""Technology""]",Not certain,No-fee,,,,,,,false
Illinois Wesleyan University International Student Scholarships,,Não informado,,Fellowship,Multi-stage,"[""Global""]",Online,"[""Technology""]",Not certain,No-fee,,,,,,,false
Fairleigh Dickinson Scholarships for International Students,,Não informado,,Fellowship,Multi-stage,"[""Global""]",Online,"[""Technology""]",Not certain,No-fee,,,,,,,false
Global Undergraduate Exchange Program (Global UGRAD),,Não informado,,Fellowship,Multi-stage,"[""Global""]",Online,"[""Technology""]",Not certain,No-fee,,,,,,,false
Hubert Humphrey Fellowship Program,,Não informado,,Fellowship,Multi-stage,"[""Global""]",Online,"[""Technology""]",Not certain,No-fee,,,,,,,false
York University International Student Scholarships,,Não informado,,Fellowship,Multi-stage,"[""Global""]",Online,"[""Technology""]",Not certain,No-fee,,,,,,,false
Pierre Elliott Trudeau Foundation Doctoral Scholarships,,Não informado,,Fellowship,Multi-stage,"[""Global""]",Online,"[""Technology""]",Not certain,No-fee,,,,,,,false
University of Calgary International Entrance Scholarship,,Não informado,,Fellowship,Multi-stage,"[""Global""]",Online,"[""Technology""]",Not certain,No-fee,,,,,,,false
International Scholars Program (University of British Columbia),,Não informado,,Fellowship,Multi-stage,"[""Global""]",Online,"[""Technology""]",Not certain,No-fee,,,,,,,false
Lester B. Pearson International Scholarship (University of Toronto),,Não informado,,Fellowship,Multi-stage,"[""Global""]",Online,"[""Technology""]",Not certain,No-fee,,,,,,,false
Canadian International Development Scholarships 2030,,Não informado,,Fellowship,Multi-stage,"[""Global""]",Online,"[""Technology""]",Not certain,No-fee,,,,,,,false
Australia Research Training Program (RTP) Scholarships,,Não informado,,Fellowship,Multi-stage,"[""Global""]",Online,"[""Technology""]",Not certain,No-fee,,,,,,,false
Melbourne International Undergraduate Scholarships,,Não informado,,Fellowship,Multi-stage,"[""Global""]",Online,"[""Technology""]",Not certain,No-fee,,,,,,,false
University of Sydney International Stipend Scholarship (USYDIS),,Não informado,,Fellowship,Multi-stage,"[""Global""]",Online,"[""Technology""]",Not certain,No-fee,,,,,,,false
Griffith Vice Chancellor’s International Scholarship,,Não informado,,Fellowship,Multi-stage,"[""Global""]",Online,"[""Technology""]",Not certain,No-fee,,,,,,,false
Macquarie Vice-Chancellor’s International Scholarships,,Não informado,,Fellowship,Multi-stage,"[""Global""]",Online,"[""Technology""]",Not certain,No-fee,,,,,,,false
Government of Flanders Master Mind Scholarships,,Não informado,,Fellowship,Multi-stage,"[""Global""]",Online,"[""Technology""]",Not certain,No-fee,,,,,,,false
Science@Leuven Scholarships,,Não informado,,Fellowship,Multi-stage,"[""Global""]",Online,"[""Technology""]",Not certain,No-fee,,,,,,,false
Université Paris-Saclay International Master’s Scholarships,,Não informado,,Fellowship,Multi-stage,"[""Global""]",Online,"[""Technology""]",Not certain,No-fee,,,,,,,false
University of Geneva Excellence Masters Fellowships,,Não informado,,Fellowship,Multi-stage,"[""Global""]",Online,"[""Technology""]",Not certain,No-fee,,,,,,,false
Italian Government Scholarships for Foreign Students,,Não informado,,Fellowship,Multi-stage,"[""Global""]",Online,"[""Technology""]",Not certain,No-fee,,,,,,,false
Padua International Excellence Scholarship Programme,,Não informado,,Fellowship,Multi-stage,"[""Global""]",Online,"[""Technology""]",Not certain,No-fee,,,,,,,false
VUW International Scholarships (Victoria University of Wellington),,Não informado,,Fellowship,Multi-stage,"[""Global""]",Online,"[""Technology""]",Not certain,No-fee,,,,,,,false
WMF Empowerment Through Education Scholarships,,Não informado,,Fellowship,Multi-stage,"[""Global""]",Online,"[""Technology""]",Not certain,No-fee,,,,,,,false
Rotary Foundation Global Grant Scholarships,,Não informado,,Fellowship,Multi-stage,"[""Global""]",Online,"[""Technology""]",Not certain,No-fee,,,,,,,false
University of the People Tuition-Free Degrees,,Não informado,,Fellowship,Multi-stage,"[""Global""]",Online,"[""Technology""]",Not certain,No-fee,,,,,,,false
Commonwealth Distance Learning Scholarships,,Não informado,,Fellowship,Multi-stage,"[""Global""]",Online,"[""Technology""]",Not certain,No-fee,,,,,,,false
UNCF STEM Scholars Program,,Não informado,,Fellowship,Multi-stage,"[""Global""]",Online,"[""Technology""]",Not certain,No-fee,,,,,,,false
Hyundai Motor Group Scholarship at SOAS University of London,,Não informado,,Fellowship,Multi-stage,"[""Global""]",Online,"[""Technology""]",Not certain,No-fee,,,,,,,false
Ban Ki-moon Foundation Global Citizen Scholarship Program,,Não informado,,Fellowship,Multi-stage,"[""Global""]",Online,"[""Technology""]",Not certain,No-fee,,,,,,,false
GeniusCash Scholarship,,Não informado,,Fellowship,Multi-stage,"[""Global""]",Online,"[""Technology""]",Not certain,No-fee,,,,,,,false
ICMM Young Leaders Scholarship to Attend One Young World Summit,,Não informado,,Fellowship,Multi-stage,"[""Global""]",Online,"[""Technology""]",Not certain,No-fee,,,,,,,false
Leading St. Louis Scholarship to Attend One Young World Summit,,Não informado,,Fellowship,Multi-stage,"[""Global""]",Online,"[""Technology""]",Not certain,No-fee,,,,,,,false
Barbara Huber Scholarship Program,,Não informado,,Fellowship,Multi-stage,"[""Global""]",Online,"[""Technology""]",Not certain,No-fee,,,,,,,false
Mastercard Foundation Scholars Program at Pan-Atlantic University,,Não informado,,Fellowship,Multi-stage,"[""Global""]",Online,"[""Technology""]",Not certain,No-fee,,,,,,,false
"IHE Delft Sahel, Middle East and Horn of Africa Scholarships",,Não informado,,Fellowship,Multi-stage,"[""Global""]",Online,"[""Technology""]",Not certain,No-fee,,,,,,,false
British Council English and School Education Scholarships Scheme,,Não informado,,Fellowship,Multi-stage,"[""Global""]",Online,"[""Technology""]",Not certain,No-fee,,,,,,,false
Road to Research Scholarship (Macquarie University),,Não informado,,Fellowship,Multi-stage,"[""Global""]",Online,"[""Technology""]",Not certain,No-fee,,,,,,,false
Spärck AI Scholarship (University of Manchester),,Não informado,,Fellowship,Multi-stage,"[""Global""]",Online,"[""Technology""]",Not certain,No-fee,,,,,,,false
NDDC Foreign Postgraduate Scholarship Programme,,Não informado,,Fellowship,Multi-stage,"[""Global""]",Online,"[""Technology""]",Not certain,No-fee,,,,,,,false
James Aryam Scholarships for Postgraduate Studies,,Não informado,,Fellowship,Multi-stage,"[""Global""]",Online,"[""Technology""]",Not certain,No-fee,,,,,,,false
Queen Elizabeth Commonwealth Scholarships,,Não informado,,Fellowship,Multi-stage,"[""Global""]",Online,"[""Technology""]",Not certain,No-fee,,,,,,,false
CDC Steven M. Teutsch Prevention Effectiveness Fellowship,,Não informado,,Fellowship,Multi-stage,"[""Global""]",Online,"[""Technology""]",Not certain,No-fee,,,,,,,false
University of the Witwatersrand & University of Edinburgh Sustainable African,,Não informado,,Fellowship,Multi-stage,"[""Global""]",Online,"[""Technology""]",Not certain,No-fee,,,,,,,false
Futures Scholarship,,Não informado,,Fellowship,Multi-stage,"[""Global""]",Online,"[""Technology""]",Not certain,No-fee,,,,,,,false
Anne van Biema Fellowship,,Não informado,,Fellowship,Multi-stage,"[""Global""]",Online,"[""Technology""]",Not certain,No-fee,,,,,,,false
Friedrich-Ebert-Stiftung Kenya Political Leadership and Governance Programme,,Não informado,,Fellowship,Multi-stage,"[""Global""]",Online,"[""Technology""]",Not certain,No-fee,,,,,,,false
UNESCO MAB Young Scientists Awards,,Não informado,,Fellowship,Multi-stage,"[""Global""]",Online,"[""Technology""]",Not certain,No-fee,,,,,,,false
UNESCO King Hamad Bin Isa Al-Khalifa Prize for the Use of ICT in Education,,Não informado,,Fellowship,Multi-stage,"[""Global""]",Online,"[""Technology""]",Not certain,No-fee,,,,,,,false
The World Around Young Climate Prize,,Não informado,,Fellowship,Multi-stage,"[""Global""]",Online,"[""Technology""]",Not certain,No-fee,,,,,,,false
Future of Energy Conference Innovation Challenge,,Não informado,,Fellowship,Multi-stage,"[""Global""]",Online,"[""Technology""]",Not certain,No-fee,,,,,,,false
Afreximbank-Edordu Research Competition,,Não informado,,Fellowship,Multi-stage,"[""Global""]",Online,"[""Technology""]",Not certain,No-fee,,,,,,,false
UNDP Youth Storytelling Challenge (Egypt),,Não informado,,Fellowship,Multi-stage,"[""Global""]",Online,"[""Technology""]",Not certain,No-fee,,,,,,,false
Institute of Human Development Child and Youth Health Youth Advisory Council,,Não informado,,Fellowship,Multi-stage,"[""Global""]",Online,"[""Technology""]",Not certain,No-fee,,,,,,,false
Bechem Humanitarian Network Online Academy & DataCamp,,Não informado,,Fellowship,Multi-stage,"[""Global""]",Online,"[""Technology""]",Not certain,No-fee,,,,,,,false
Young Professionals Bootcamp (Grant Pool Program),,Não informado,,Fellowship,Multi-stage,"[""Global""]",Online,"[""Technology""]",Not certain,No-fee,,,,,,,false
Tsinghua International Summer School on Environment,,Não informado,,Fellowship,Multi-stage,"[""Global""]",Online,"[""Technology""]",Not certain,No-fee,,,,,,,false
Sharjah Film Platform Short Film Production Grant,,Não informado,,Fellowship,Multi-stage,"[""Global""]",Online,"[""Technology""]",Not certain,No-fee,,,,,,,false
"Support to Human Rights, Democracy and Civil Society in Jordan Grant",,Não informado,,Fellowship,Multi-stage,"[""Global""]",Online,"[""Technology""]",Not certain,No-fee,,,,,,,false
AmplifyChange Grants,,Não informado,,Fellowship,Multi-stage,"[""Global""]",Online,"[""Technology""]",Not certain,No-fee,,,,,,,false
Agri-Business Facility for Africa e-Academy Call,,Não informado,,Fellowship,Multi-stage,"[""Global""]",Online,"[""Technology""]",Not certain,No-fee,,,,,,,false
Trust by Design Fintech Challenge,,Não informado,,Fellowship,Multi-stage,"[""Global""]",Online,"[""Technology""]",Not certain,No-fee,,,,,,,false
Youth Innovation Challenge (Marine Conservation – Taiwan),,Não informado,,Fellowship,Multi-stage,"[""Global""]",Online,"[""Technology""]",Not certain,No-fee,,,,,,,false
UNDP African Academy for Women in Political Leadership,,Não informado,,Fellowship,Multi-stage,"[""Global""]",Online,"[""Technology""]",Not certain,No-fee,,,,,,,false
ACARE African Women in Science Program,,Não informado,,Fellowship,Multi-stage,"[""Global""]",Online,"[""Technology""]",Not certain,No-fee,,,,,,,false
Cartier Women’s Initiative Science & Technology Pioneer Award,,Não informado,,Fellowship,Multi-stage,"[""Global""]",Online,"[""Technology""]",Not certain,No-fee,,,,,,,false
Standard Chartered Women in Tech Accelerator,,Não informado,,Fellowship,Multi-stage,"[""Global""]",Online,"[""Technology""]",Not certain,No-fee,,,,,,,false
Sony Women in Technology Award with Nature,,Não informado,,Fellowship,Multi-stage,"[""Global""]",Online,"[""Technology""]",Not certain,No-fee,,,,,,,false
L’Oréal-UNESCO For Women in Science (Sub-Saharan Africa),,Não informado,,Fellowship,Multi-stage,"[""Global""]",Online,"[""Technology""]",Not certain,No-fee,,,,,,,false
Canada’s Top 100 Women to Watch Award,,Não informado,,Fellowship,Multi-stage,"[""Global""]",Online,"[""Technology""]",Not certain,No-fee,,,,,,,false
Women Impact Web Grant,,Não informado,,Fellowship,Multi-stage,"[""Global""]",Online,"[""Technology""]",Not certain,No-fee,,,,,,,false
Mama Cash Solidarity Fund,,Não informado,,Fellowship,Multi-stage,"[""Global""]",Online,"[""Technology""]",Not certain,No-fee,,,,,,,false
Remarkable 2026 Mentorship Program for Young Nigerians,,Não informado,,Fellowship,Multi-stage,"[""Global""]",Online,"[""Technology""]",Not certain,No-fee,,,,,,,false
Code for Africa Fact-checking Fellowship Program,,Não informado,,Fellowship,Multi-stage,"[""Global""]",Online,"[""Technology""]",Not certain,No-fee,,,,,,,false
CBAI Summer Research Fellowship in AI Safety,,Não informado,,Fellowship,Multi-stage,"[""Global""]",Online,"[""Technology""]",Not certain,No-fee,,,,,,,false
CIVICUS Digital Action Lab Cohort 3,,Não informado,,Fellowship,Multi-stage,"[""Global""]",Online,"[""Technology""]",Not certain,No-fee,,,,,,,false
Walter Sullivan Award for Excellence in Science Journalism – Features,,Não informado,,Fellowship,Multi-stage,"[""Global""]",Online,"[""Technology""]",Not certain,No-fee,,,,,,,false
Centre for the Study of African Economies Visiting Fellowships,,Não informado,,Fellowship,Multi-stage,"[""Global""]",Online,"[""Technology""]",Not certain,No-fee,,,,,,,false
Samuel DuBois Cook Center Undergraduate Summer Research Fellowships,,Não informado,,Fellowship,Multi-stage,"[""Global""]",Online,"[""Technology""]",Not certain,No-fee,,,,,,,false
MIT Solve,,Não informado,,Fellowship,Multi-stage,"[""Global""]",Online,"[""Technology""]",Not certain,No-fee,,,,,,,false
1to10 Accelerator by Favcy,,Não informado,,Fellowship,Multi-stage,"[""Global""]",Online,"[""Technology""]",Not certain,No-fee,,,,,,,false
Softdroom AI Accelerator 2025,,Não informado,,Fellowship,Multi-stage,"[""Global""]",Online,"[""Technology""]",Not certain,No-fee,,,,,,,false
Canada Catalyst: Start-up Visa Program,,Não informado,,Fellowship,Multi-stage,"[""Global""]",Online,"[""Technology""]",Not certain,No-fee,,,,,,,false
Canada Catalyst: Soft Landing Program,,Não informado,,Fellowship,Multi-stage,"[""Global""]",Online,"[""Technology""]",Not certain,No-fee,,,,,,,false
BEAMP Cycle 6,,Não informado,,Fellowship,Multi-stage,"[""Global""]",Online,"[""Technology""]",Not certain,No-fee,,,,,,,false
IIMK LIVE BIP 25 R2,,Não informado,,Fellowship,Multi-stage,"[""Global""]",Online,"[""Technology""]",Not certain,No-fee,,,,,,,false
Saksham 2.0 – Assistive Tech Accelerator,,Não informado,,Fellowship,Multi-stage,"[""Global""]",Online,"[""Technology""]",Not certain,No-fee,,,,,,,false
NetApp Excellerator Cohort #15,,Não informado,,Fellowship,Multi-stage,"[""Global""]",Online,"[""Technology""]",Not certain,No-fee,,,,,,,false
EIR Program Cohort 2 – IIMK LIVE,,Não informado,,Fellowship,Multi-stage,"[""Global""]",Online,"[""Technology""]",Not certain,No-fee,,,,,,,false
RTIH Demo,,Não informado,,Fellowship,Multi-stage,"[""Global""]",Online,"[""Technology""]",Not certain,No-fee,,,,,,,false
UK Govt GSP India Component,,Não informado,,Fellowship,Multi-stage,"[""Global""]",Online,"[""Technology""]",Not certain,No-fee,,,,,,,false
IMS Accelerator 2026,,Não informado,,Fellowship,Multi-stage,"[""Global""]",Online,"[""Technology""]",Not certain,No-fee,,,,,,,false
SEK Lab 11th Call 2026,,Não informado,,Fellowship,Multi-stage,"[""Global""]",Online,"[""Technology""]",Not certain,No-fee,,,,,,,false
Growthact+,,Não informado,,Fellowship,Multi-stage,"[""Global""]",Online,"[""Technology""]",Not certain,No-fee,,,,,,,false
Massar 1.0,,Não informado,,Fellowship,Multi-stage,"[""Global""]",Online,"[""Technology""]",Not certain,No-fee,,,,,,,false
Rally SEA Winter 2026,,Não informado,,Fellowship,Multi-stage,"[""Global""]",Online,"[""Technology""]",Not certain,No-fee,,,,,,,false
CUBiO Pre-Investor Readiness,,Não informado,,Fellowship,Multi-stage,"[""Global""]",Online,"[""Technology""]",Not certain,No-fee,,,,,,,false
Wildfire Labs 2025 Startup Studio,,Não informado,,Fellowship,Multi-stage,"[""Global""]",Online,"[""Technology""]",Not certain,No-fee,,,,,,,false
IPHatch Japan 2025,,Não informado,,Fellowship,Multi-stage,"[""Global""]",Online,"[""Technology""]",Not certain,No-fee,,,,,,,false
Open Startup – Grow Program 3.0,,Não informado,,Fellowship,Multi-stage,"[""Global""]",Online,"[""Technology""]",Not certain,No-fee,,,,,,,false
RGU Accelerator 2026 Impact North,,Não informado,,Fellowship,Multi-stage,"[""Global""]",Online,"[""Technology""]",Not certain,No-fee,,,,,,,false
SoundTech Accelerator Program,,Não informado,,Fellowship,Multi-stage,"[""Global""]",Online,"[""Technology""]",Not certain,No-fee,,,,,,,false
Accelerate 2025,,Não informado,,Fellowship,Multi-stage,"[""Global""]",Online,"[""Technology""]",Not certain,No-fee,,,,,,,false
Ignite 2025,,Não informado,,Fellowship,Multi-stage,"[""Global""]",Online,"[""Technology""]",Not certain,No-fee,,,,,,,false
The GTM Accelerator,,Não informado,,Fellowship,Multi-stage,"[""Global""]",Online,"[""Technology""]",Not certain,No-fee,,,,,,,false
Launchpad 2025,,Não informado,,Fellowship,Multi-stage,"[""Global""]",Online,"[""Technology""]",Not certain,No-fee,,,,,,,false
Ignite DTC,,Não informado,,Fellowship,Multi-stage,"[""Global""]",Online,"[""Technology""]",Not certain,No-fee,,,,,,,false
Resilmesh – Open Call #2,,Não informado,,Fellowship,Multi-stage,"[""Global""]",Online,"[""Technology""]",Not certain,No-fee,,,,,,,false
AIAP – Angel Investor Accredited Program,,Não informado,,Fellowship,Multi-stage,"[""Global""]",Online,"[""Technology""]",Not certain,No-fee,,,,,,,false
INNOCUP 2025,,Não informado,,Fellowship,Multi-stage,"[""Global""]",Online,"[""Technology""]",Not certain,No-fee,,,,,,,false
BRAIN Accelerator 5.0,,Não informado,,Fellowship,Multi-stage,"[""Global""]",Online,"[""Technology""]",Not certain,No-fee,,,,,,,false
ATE Open Innovation,,Não informado,,Fellowship,Multi-stage,"[""Global""]",Online,"[""Technology""]",Not certain,No-fee,,,,,,,false
BREW 2.0 2026,,Não informado,,Fellowship,Multi-stage,"[""Global""]",Online,"[""Technology""]",Not certain,No-fee,,,,,,,false
AI Venture Lab,,Não informado,,Fellowship,Multi-stage,"[""Global""]",Online,"[""Technology""]",Not certain,No-fee,,,,,,,false
INNO4CFIs Accelerator – Open Call,,Não informado,,Fellowship,Multi-stage,"[""Global""]",Online,"[""Technology""]",Not certain,No-fee,,,,,,,false
Nextlap Tech Hub 2.0,,Não informado,,Fellowship,Multi-stage,"[""Global""]",Online,"[""Technology""]",Not certain,No-fee,,,,,,,false
OQ Energy Accelerator – Cohort 2,,Não informado,,Fellowship,Multi-stage,"[""Global""]",Online,"[""Technology""]",Not certain,No-fee,,,,,,,false
Defense Accelerator,,Não informado,,Fellowship,Multi-stage,"[""Global""]",Online,"[""Technology""]",Not certain,No-fee,,,,,,,false
Fintech Innovation Lab NYC 2026,,Não informado,,Fellowship,Multi-stage,"[""Global""]",Online,"[""Technology""]",Not certain,No-fee,,,,,,,false
MEDICAL FORGE Leipzig Batch 5,,Não informado,,Fellowship,Multi-stage,"[""Global""]",Online,"[""Technology""]",Not certain,No-fee,,,,,,,false
SYNAPSE Open Call 2025,,Não informado,,Fellowship,Multi-stage,"[""Global""]",Online,"[""Technology""]",Not certain,No-fee,,,,,,,false
FinTech Innovation Lab London 2026,,Não informado,,Fellowship,Multi-stage,"[""Global""]",Online,"[""Technology""]",Not certain,No-fee,,,,,,,false
ASYAD Accelerator Program – Cohort 2,,Não informado,,Fellowship,Multi-stage,"[""Global""]",Online,"[""Technology""]",Not certain,No-fee,,,,,,,false
Healthcare Revenue Scaler Program 2026,,Não informado,,Fellowship,Multi-stage,"[""Global""]",Online,"[""Technology""]",Not certain,No-fee,,,,,,,false
Fucina Cyber Lab,,Não informado,,Fellowship,Multi-stage,"[""Global""]",Online,"[""Technology""]",Not certain,No-fee,,,,,,,false
HSG START Accelerator Batch 2,,Não informado,,Fellowship,Multi-stage,"[""Global""]",Online,"[""Technology""]",Not certain,No-fee,,,,,,,false
Impact Deal 2025,,Não informado,,Fellowship,Multi-stage,"[""Global""]",Online,"[""Technology""]",Not certain,No-fee,,,,,,,false
founders12 accelerator,,Não informado,,Fellowship,Multi-stage,"[""Global""]",Online,"[""Technology""]",Not certain,No-fee,,,,,,,false
SELECT by Growth Studio,,Não informado,,Fellowship,Multi-stage,"[""Global""]",Online,"[""Technology""]",Not certain,No-fee,,,,,,,false
Scaling Up by Unicorn Factory 2025,,Não informado,,Fellowship,Multi-stage,"[""Global""]",Online,"[""Technology""]",Not certain,No-fee,,,,,,,false
Harbor Accelerator Program 2026,,Não informado,,Fellowship,Multi-stage,"[""Global""]",Online,"[""Technology""]",Not certain,No-fee,,,,,,,false
Fledge Africa 2026,,Não informado,,Fellowship,Multi-stage,"[""Global""]",Online,"[""Technology""]",Not certain,No-fee,,,,,,,false
RIoT Accelerator Program – Spring 2026,,Não informado,,Fellowship,Multi-stage,"[""Global""]",Online,"[""Technology""]",Not certain,No-fee,,,,,,,false
Warpspeed Fund,,Não informado,,Fellowship,Multi-stage,"[""Global""]",Online,"[""Technology""]",Not certain,No-fee,,,,,,,false
WOW Aceleradora,,Não informado,,Fellowship,Multi-stage,"[""Global""]",Online,"[""Technology""]",Not certain,No-fee,,,,,,,false
500 Global,,Não informado,,Fellowship,Multi-stage,"[""Global""]",Online,"[""Technology""]",Not certain,No-fee,,,,,,,false
Plug and Play Tech Center,,Não informado,,Fellowship,Multi-stage,"[""Global""]",Online,"[""Technology""]",Not certain,No-fee,,,,,,,false
MassChallenge,,Não informado,,Fellowship,Multi-stage,"[""Global""]",Online,"[""Technology""]",Not certain,No-fee,,,,,,,false
Startupbootcamp,,Não informado,,Fellowship,Multi-stage,"[""Global""]",Online,"[""Technology""]",Not certain,No-fee,,,,,,,false
Alchemist Accelerator,,Não informado,,Fellowship,Multi-stage,"[""Global""]",Online,"[""Technology""]",Not certain,No-fee,,,,,,,false
AngelPad,,Não informado,,Fellowship,Multi-stage,"[""Global""]",Online,"[""Technology""]",Not certain,No-fee,,,,,,,false
Seedcamp,,Não informado,,Fellowship,Multi-stage,"[""Global""]",Online,"[""Technology""]",Not certain,No-fee,,,,,,,false
Founders Factory,,Não informado,,Fellowship,Multi-stage,"[""Global""]",Online,"[""Technology""]",Not certain,No-fee,,,,,,,false
Antler,,Não informado,,Fellowship,Multi-stage,"[""Global""]",Online,"[""Technology""]",Not certain,No-fee,,,,,,,false
a16z Speedrun,,Não informado,,Fellowship,Multi-stage,"[""Global""]",Online,"[""Technology""]",Not certain,No-fee,,,,,,,false
Endless Frontier Labs,,Não informado,,Fellowship,Multi-stage,"[""Global""]",Online,"[""Technology""]",Not certain,No-fee,,,,,,,false
Boost VC,,Não informado,,Fellowship,Multi-stage,"[""Global""]",Online,"[""Technology""]",Not certain,No-fee,,,,,,,false
South Park Commons,,Não informado,,Fellowship,Multi-stage,"[""Global""]",Online,"[""Technology""]",Not certain,No-fee,,,,,,,false
NEO Accelerator,,Não informado,,Fellowship,Multi-stage,"[""Global""]",Online,"[""Technology""]",Not certain,No-fee,,,,,,,false
Sequoia Arc,,Não informado,,Fellowship,Multi-stage,"[""Global""]",Online,"[""Technology""]",Not certain,No-fee,,,,,,,false
NATO Young Professionals Programme (YPP) 2026,,Não informado,,Fellowship,Multi-stage,"[""Global""]",Online,"[""Technology""]",Not certain,No-fee,,,,,,,false
Constellations Fellowship 2026,,Não informado,,Fellowship,Multi-stage,"[""Global""]",Online,"[""Technology""]",Not certain,No-fee,,,,,,,false
Leiden University Scholarships 2026,,Não informado,,Fellowship,Multi-stage,"[""Global""]",Online,"[""Technology""]",Not certain,No-fee,,,,,,,false
MEXT Scholarship 2027 (Embassy Recommendation),,Não informado,,Fellowship,Multi-stage,"[""Global""]",Online,"[""Technology""]",Not certain,No-fee,,,,,,,false
Fully Funded 2026–2027 Scholars at Risk (SAR) Academic Freedom Fellowship,,Não informado,,Fellowship,Multi-stage,"[""Global""]",Online,"[""Technology""]",Not certain,No-fee,,,,,,,false
Royal Academy of Engineering Policy Fellowships 2026,,Não informado,,Fellowship,Multi-stage,"[""Global""]",Online,"[""Technology""]",Not certain,No-fee,,,,,,,false
The University of Hong Kong Social Sciences Global South Fellowship Scheme,,Não informado,,Fellowship,Multi-stage,"[""Global""]",Online,"[""Technology""]",Not certain,No-fee,,,,,,,false
2026,,Não informado,,Fellowship,Multi-stage,"[""Global""]",Online,"[""Technology""]",Not certain,No-fee,,,,,,,false
Finverse Fellowship 2026,,Não informado,,Fellowship,Multi-stage,"[""Global""]",Online,"[""Technology""]",Not certain,No-fee,,,,,,,false
ICFJ+ Fellowship 2026 (Reporting on Literacy and Numeracy in Africa),,Não informado,,Fellowship,Multi-stage,"[""Global""]",Online,"[""Technology""]",Not certain,No-fee,,,,,,,false
Asia-Pacific WEPs Awards 2026,,Não informado,,Fellowship,Multi-stage,"[""Global""]",Online,"[""Technology""]",Not certain,No-fee,,,,,,,false
Billie Jean King Youth Leadership Award 2026,,Não informado,,Fellowship,Multi-stage,"[""Global""]",Online,"[""Technology""]",Not certain,No-fee,,,,,,,false
Macquarie LEADS High School Externship 2026,,Não informado,,Fellowship,Multi-stage,"[""Global""]",Online,"[""Technology""]",Not certain,No-fee,,,,,,,false
UNDP Youth for Climate Action Course 2026,,Não informado,,Fellowship,Multi-stage,"[""Global""]",Online,"[""Technology""]",Not certain,No-fee,,,,,,,false
FEA Youth Steering Group 2026,,Não informado,,Fellowship,Multi-stage,"[""Global""]",Online,"[""Technology""]",Not certain,No-fee,,,,,,,false
"Uppsala University Scholarships, Sweden",,Não informado,,Fellowship,Multi-stage,"[""Global""]",Online,"[""Technology""]",Not certain,No-fee,,,,,,,false
UNESCO World Heritage Residence Scholarship,,Não informado,,Fellowship,Multi-stage,"[""Global""]",Online,"[""Technology""]",Not certain,No-fee,,,,,,,false
NextGen Women Leaders Fellowship 2026,,Não informado,,Fellowship,Multi-stage,"[""Global""]",Online,"[""Technology""]",Not certain,No-fee,,,,,,,false
Global Call for Startups 2026 — Sustainable Food Innovation Challenge,,Não informado,,Fellowship,Multi-stage,"[""Global""]",Online,"[""Technology""]",Not certain,No-fee,,,,,,,false
Parliamentary Internship for the Environment (PIE) 2026–2027,,Não informado,,Fellowship,Multi-stage,"[""Global""]",Online,"[""Technology""]",Not certain,No-fee,,,,,,,false
NextGen Climate Bootcamp 2026,,Não informado,,Fellowship,Multi-stage,"[""Global""]",Online,"[""Technology""]",Not certain,No-fee,,,,,,,false
European Union Agency for Fundamental Rights (FRA) Traineeship 2026,,Não informado,,Fellowship,Multi-stage,"[""Global""]",Online,"[""Technology""]",Not certain,No-fee,,,,,,,false
ICMM Young Leaders Scholarship 2026 (One Young World Summit),,Não informado,,Fellowship,Multi-stage,"[""Global""]",Online,"[""Technology""]",Not certain,No-fee,,,,,,,false
FEC 2026 Innovation Challenge (Future of Energy Conference),,Não informado,,Fellowship,Multi-stage,"[""Global""]",Online,"[""Technology""]",Not certain,No-fee,,,,,,,false
AfOx Visiting Fellowship Programme 2026 (University of Oxford),,Não informado,,Fellowship,Multi-stage,"[""Global""]",Online,"[""Technology""]",Not certain,No-fee,,,,,,,false
Education Policy Intern/Fellow (Remote Paid Opportunity),,Não informado,,Fellowship,Multi-stage,"[""Global""]",Online,"[""Technology""]",Not certain,No-fee,,,,,,,false
Climate Communications Internship (Greenhouse),,Não informado,,Fellowship,Multi-stage,"[""Global""]",Online,"[""Technology""]",Not certain,No-fee,,,,,,,false
FutureSwell Creator Lab 2026 for Ocean Climate Storytellers,,Não informado,,Fellowship,Multi-stage,"[""Global""]",Online,"[""Technology""]",Not certain,No-fee,,,,,,,false
Mohamed bin Zayed Species Conservation Fund Grant 2026,,Não informado,,Fellowship,Multi-stage,"[""Global""]",Online,"[""Technology""]",Not certain,No-fee,,,,,,,false
Trevor Noah Foundation Education Changemakers Program Cohort 3 (2026),,Não informado,,Fellowship,Multi-stage,"[""Global""]",Online,"[""Technology""]",Not certain,No-fee,,,,,,,false
Digital Energy Challenge for Start-ups 2026,,Não informado,,Fellowship,Multi-stage,"[""Global""]",Online,"[""Technology""]",Not certain,No-fee,,,,,,,false
UNITAR Course: Introduction to Integrating Business and Trade Statistics,,Não informado,,Fellowship,Multi-stage,"[""Global""]",Online,"[""Technology""]",Not certain,No-fee,,,,,,,false
Einstein Fellowship 2026,,Não informado,,Fellowship,Multi-stage,"[""Global""]",Online,"[""Technology""]",Not certain,No-fee,,,,,,,false
University of Oxford School of Climate Change Programme (Hilary 2026),,Não informado,,Fellowship,Multi-stage,"[""Global""]",Online,"[""Technology""]",Not certain,No-fee,,,,,,,false
University of Edinburgh Mastercard Foundation Online Learning Program,,Não informado,,Fellowship,Multi-stage,"[""Global""]",Online,"[""Technology""]",Not certain,No-fee,,,,,,,false
2026/27,,Não informado,,Fellowship,Multi-stage,"[""Global""]",Online,"[""Technology""]",Not certain,No-fee,,,,,,,false
Simmons Distinguished Scholar Award 2026,,Não informado,,Fellowship,Multi-stage,"[""Global""]",Online,"[""Technology""]",Not certain,No-fee,,,,,,,false
DAAD–Procope Scholarship Program 2026,,Não informado,,Fellowship,Multi-stage,"[""Global""]",Online,"[""Technology""]",Not certain,No-fee,,,,,,,false
AU–EU Summit Model 2026,,Não informado,,Fellowship,Multi-stage,"[""Global""]",Online,"[""Technology""]",Not certain,No-fee,,,,,,,false
Climate Law Boot Camp 2026 (COP31 Türkiye),,Não informado,,Fellowship,Multi-stage,"[""Global""]",Online,"[""Technology""]",Not certain,No-fee,,,,,,,false
Global Student Entrepreneur Awards,,Não informado,,Fellowship,Multi-stage,"[""Global""]",Online,"[""Technology""]",Not certain,No-fee,,,,,,,false
eMobility Innovation Awards Program 2026,,Não informado,,Fellowship,Multi-stage,"[""Global""]",Online,"[""Technology""]",Not certain,No-fee,,,,,,,false
"Knowledge Transfer Grants (€25,000 per Project)",,Não informado,,Fellowship,Multi-stage,"[""Global""]",Online,"[""Technology""]",Not certain,No-fee,,,,,,,false
World Food Forum Youth Assembly Partner Organizations 2026,,Não informado,,Fellowship,Multi-stage,"[""Global""]",Online,"[""Technology""]",Not certain,No-fee,,,,,,,false
Care About Climate Leadership Program 2026,,Não informado,,Fellowship,Multi-stage,"[""Global""]",Online,"[""Technology""]",Not certain,No-fee,,,,,,,false
IISTA Scientific Internship Program,,Não informado,,Fellowship,Multi-stage,"[""Global""]",Online,"[""Technology""]",Not certain,No-fee,,,,,,,false
Peter Drucker Challenge,,Não informado,,Fellowship,Multi-stage,"[""Global""]",Online,"[""Technology""]",Not certain,No-fee,,,,,,,false
Garcia Family Foundation Scholarship,,Não informado,,Fellowship,Multi-stage,"[""Global""]",Online,"[""Technology""]",Not certain,No-fee,,,,,,,false
Jovens Líderes Ibero-americanos (Santander + Fundação Carolina),,Não informado,,Fellowship,Multi-stage,"[""Global""]",Online,"[""Technology""]",Not certain,No-fee,,,,,,,false
JGU Mainz Summer School Scholarship,,Não informado,,Fellowship,Multi-stage,"[""Global""]",Online,"[""Technology""]",Not certain,No-fee,,,,,,,false
Shanghai Summer School BRICS Program,,Não informado,,Fellowship,Multi-stage,"[""Global""]",Online,"[""Technology""]",Not certain,No-fee,,,,,,,false
National Scholarship Program of Slovakia,,Não informado,,Fellowship,Multi-stage,"[""Global""]",Online,"[""Technology""]",Not certain,No-fee,,,,,,,false
British Council Women in STEM Scholarships,,Não informado,,Fellowship,Multi-stage,"[""Global""]",Online,"[""Technology""]",Not certain,No-fee,,,,,,,false
Instituto Ling – Urban Planning Scholarship,,Não informado,,Fellowship,Multi-stage,"[""Global""]",Online,"[""Technology""]",Not certain,No-fee,,,,,,,false
AUIP Master Scholarships (Spain – 88 bolsas),,Não informado,,Fellowship,Multi-stage,"[""Global""]",Online,"[""Technology""]",Not certain,No-fee,,,,,,,false
Fundación de la Lengua Española Scholarships,,Não informado,,Fellowship,Multi-stage,"[""Global""]",Online,"[""Technology""]",Not certain,No-fee,,,,,,,false
Origini Italia Program,,Não informado,,Fellowship,Multi-stage,"[""Global""]",Online,"[""Technology""]",Not certain,No-fee,,,,,,,false
Universidade Politécnica de Valência Scholarships,,Não informado,,Fellowship,Multi-stage,"[""Global""]",Online,"[""Technology""]",Not certain,No-fee,,,,,,,false
Heidelberg University DAAD EPOS Scholarship (International Health),,Não informado,,Fellowship,Multi-stage,"[""Global""]",Online,"[""Technology""]",Not certain,No-fee,,,,,,,false
CERN Summer Student Programme,,Não informado,,Fellowship,Multi-stage,"[""Global""]",Online,"[""Technology""]",Not certain,No-fee,,,,,,,false
Fundação para Ciência e Tecnologia (FCT) PhD Scholarships Portugal,,Não informado,,Fellowship,Multi-stage,"[""Global""]",Online,"[""Technology""]",Not certain,No-fee,,,,,,,false
UDESC International Mobility Scholarships,,Não informado,,Fellowship,Multi-stage,"[""Global""]",Online,"[""Technology""]",Not certain,No-fee,,,,,,,false
ONU Summer Course Switzerland (UN Program),,Não informado,,Fellowship,Multi-stage,"[""Global""]",Online,"[""Technology""]",Not certain,No-fee,,,,,,,false
MIS Scholarship 2026 (Malaysian Government),,Não informado,,Fellowship,Multi-stage,"[""Global""]",Online,"[""Technology""]",Not certain,No-fee,,,,,,,false
SIIT Graduate Scholarship 2026 in Thailand,,Não informado,,Fellowship,Multi-stage,"[""Global""]",Online,"[""Technology""]",Not certain,No-fee,,,,,,,false
Skoltech University Russia Scholarship 2026,,Não informado,,Fellowship,Multi-stage,"[""Global""]",Online,"[""Technology""]",Not certain,No-fee,,,,,,,false
ASUS Scholarship 2026 at Taiwan Tech University,,Não informado,,Fellowship,Multi-stage,"[""Global""]",Online,"[""Technology""]",Not certain,No-fee,,,,,,,false
University of Pretoria Commonwealth Scholarship 2026,,Não informado,,Fellowship,Multi-stage,"[""Global""]",Online,"[""Technology""]",Not certain,No-fee,,,,,,,false
Chulabhorn Graduate Institute Scholarship 2026,,Não informado,,Fellowship,Multi-stage,"[""Global""]",Online,"[""Technology""]",Not certain,No-fee,,,,,,,false
Generation Google Scholarship 2025/26,,Não informado,,Fellowship,Multi-stage,"[""Global""]",Online,"[""Technology""]",Not certain,No-fee,,,,,,,false
Lusail University Qatar Scholarship 2026,,Não informado,,Fellowship,Multi-stage,"[""Global""]",Online,"[""Technology""]",Not certain,No-fee,,,,,,,false
Hamad Bin Khalifa University Scholarship 2026,,Não informado,,Fellowship,Multi-stage,"[""Global""]",Online,"[""Technology""]",Not certain,No-fee,,,,,,,false
University of Melbourne Human Rights Scholarship 2026,,Não informado,,Fellowship,Multi-stage,"[""Global""]",Online,"[""Technology""]",Not certain,No-fee,,,,,,,false
Flinders University AGRTP Scholarship 2026,,Não informado,,Fellowship,Multi-stage,"[""Global""]",Online,"[""Technology""]",Not certain,No-fee,,,,,,,false
McCall MacBain Scholarship 2026,,Não informado,,Fellowship,Multi-stage,"[""Global""]",Online,"[""Technology""]",Not certain,No-fee,,,,,,,false
University of Alberta Scholarships,,Não informado,,Fellowship,Multi-stage,"[""Global""]",Online,"[""Technology""]",Not certain,No-fee,,,,,,,false
York University International Scholarship 2025/26,,Não informado,,Fellowship,Multi-stage,"[""Global""]",Online,"[""Technology""]",Not certain,No-fee,,,,,,,false
Schwarzman Scholars Program 2027/28,,Não informado,,Fellowship,Multi-stage,"[""Global""]",Online,"[""Technology""]",Not certain,No-fee,,,,,,,false
UNESCO China Fellowship 2026,,Não informado,,Fellowship,Multi-stage,"[""Global""]",Online,"[""Technology""]",Not certain,No-fee,,,,,,,false
HUST University Wuhan CSC Scholarship 2026,,Não informado,,Fellowship,Multi-stage,"[""Global""]",Online,"[""Technology""]",Not certain,No-fee,,,,,,,false
ANSO Scholarship 2026,,Não informado,,Fellowship,Multi-stage,"[""Global""]",Online,"[""Technology""]",Not certain,No-fee,,,,,,,false
Tsinghua University Scholarship 2026,,Não informado,,Fellowship,Multi-stage,"[""Global""]",Online,"[""Technology""]",Not certain,No-fee,,,,,,,false
Yenching Academy Scholarship 2026,,Não informado,,Fellowship,Multi-stage,"[""Global""]",Online,"[""Technology""]",Not certain,No-fee,,,,,,,false
Erasmus Mundus WOP-P Scholarship 2026/28,,Não informado,,Fellowship,Multi-stage,"[""Global""]",Online,"[""Technology""]",Not certain,No-fee,,,,,,,false
Siena International Excellence Scholarship 2026,,Não informado,,Fellowship,Multi-stage,"[""Global""]",Online,"[""Technology""]",Not certain,No-fee,,,,,,,false
John Thompson Scholarship 2026,,Não informado,,Fellowship,Multi-stage,"[""Global""]",Online,"[""Technology""]",Not certain,No-fee,,,,,,,false
MEXT Scholarship 2027 (Embassy Track),,Não informado,,Fellowship,Multi-stage,"[""Global""]",Online,"[""Technology""]",Not certain,No-fee,,,,,,,false
Keio University ADB Scholarship 2026,,Não informado,,Fellowship,Multi-stage,"[""Global""]",Online,"[""Technology""]",Not certain,No-fee,,,,,,,false
University of Tokyo MEXT Scholarship 2026,,Não informado,,Fellowship,Multi-stage,"[""Global""]",Online,"[""Technology""]",Not certain,No-fee,,,,,,,false
